<?xml version="1.0" encoding="UTF-8"?>
<odoo>

    <!--category -->
    <record id="fleet_auction.module_category_fleet_auction_employees"
            model="ir.module.category">
        <field name="name">fleet auction</field>
    </record>

    <!-- Define the User Group -->
    <record id="group_fleet_user" model="res.groups">
        <field name="name">User</field>
        <field name="category_id"
               ref="fleet_auction.module_category_fleet_auction_employees"/>
    </record>
    <record id="group_fleet_manager" model="res.groups">
        <field name="name">Manager</field>
        <field name="category_id"
               ref="fleet_auction.module_category_fleet_auction_employees"/>
        <!--<field name="implied_ids" eval="[Command.link(ref('fleet_auction.group_fleet_user'))]"/>-->
    </record>

    <!-- record rules   -->
    <record id="group_manager_fleet_visibile_rule" model="ir.rule">
        <field name="name">User visiblty of fleet auction</field>
        <field name="model_id" ref="model_fleet_auction_auction"/>
        <field name="groups" eval="[Command.link(ref('fleet_auction.group_fleet_manager'))]"/>
        <field name="domain_force">[('company_id', 'in', company_ids)]</field>
    </record>

    <record id="group_manager_visibile_rule" model="ir.rule">
        <field name="name">User visiblty of bids manager</field>
        <field name="model_id" ref="model_fleet_bid"/>
        <field name="domain_force">[(1, '=', 1)]</field>
        <field name="groups"
               eval="[(4, ref('fleet_auction.group_fleet_manager'))]"/>
    </record>

    <record id="group_user_visibile_rule" model="ir.rule">
        <field name="name">User visiblty of bids user</field>
        <field name="model_id" ref="model_fleet_bid"/>
        <field name="perm_read" eval="True"/>
        <field name="perm_create" eval="True"/>
        <field name="domain_force">[('states','=','confirmed')]</field>
        <field name="groups"
               eval="[Command.link(ref('fleet_auction.group_fleet_user'))]"/>

    </record>
</odoo>
