<?xml version="1.0" encoding="utf-8"?>
<odoo>
    <record id="confirmation_mail_template" model="mail.template">
        <field name="name">Auction confirmation mail</field>
        <field name="model_id" ref="fleet_auction.model_fleet_auction_auction"/>
        <field name="subject">{{ object.company_id.name }}</field>
        <field name="email_from">{{ (object.company_id.email) }}</field>
        <field name="partner_to">{{ object.customer_id.id }}</field>
        <field name="description">Add Description</field>
        <field name="body_html" type="html">
            <div>
                <p>
                    Hello,
                    <t t-out="object.customer_id.name"/>
                    <br/>
                    <br/>
                    congratulation for your auction successuse""
                    <br/>
                    <br/>
                    <br/>Mitchell Admin
                    <br/>
                    <br/>
                </p>
            </div>
        </field>
    </record>
</odoo>