id,name,model_id/id,group_id/id,perm_read,perm_write,perm_create,perm_unlink
access_fleet_auction_auction,access_fleet_auction_auction,model_fleet_auction_auction,base.group_user,1,1,1,1
access_fleet_bid,access_fleet_bid,model_fleet_bid,base.group_user,1,1,1,1
access_fleet_expense,access_fleet_expense,model_fleet_expense,base.group_user,1,1,1,1
access_fleet_auction_auction,access_group_manager,model_fleet_auction_auction,fleet_auction.group_manager,1,1,1,1
access_fleet_auction_auction,access_group_user,model_fleet_auction_auction,fleet_auction.group_user,1,1,1,0