<?xml version="1.0" encoding="UTF-8"?>
<odoo>

    <record id="fleet_auction.module_category_fleet_auction_employees" model="ir.module.category">
        <field name="name">fleet auction</field>
    </record>
    <!-- Define the User Group -->

    <record id="group_user" model="res.groups">
        <field name="name">User</field>
        <field name="category_id" ref="fleet_auction.module_category_fleet_auction_employees"/>
    </record>
    <record id="group_manager" model="res.groups">
        <field name="name">Manager</field>
        <field name="category_id" ref="fleet_auction.module_category_fleet_auction_employees"/>
        <field name="implied_ids" eval="[Command.link(ref('group_user'))]"/>
    </record>

   <!-- Assign Permissions to the Group -->

<!--    <record id="access_custom_model_manager" model="ir.model.access">-->
<!--        <field name="name">access_custom_model_manager</field>-->
<!--        <field name="model_id" ref="model_custom_model"/>-->
<!--        <field name="group_id" ref="module_name.group_custom_manager"/>-->
<!--        <field name="perm_read" eval="1"/>-->
<!--        <field name="perm_write" eval="1"/>-->
<!--        <field name="perm_create" eval="1"/>-->
<!--        <field name="perm_unlink" eval="0"/>-->
<!--    </record>-->
</odoo>